path,size_bytes,sha256
.dockerignore,85,8feabeb49e8fe853943723c0dff01a2b66de3432e0d3b802e8e7268324d76be0
.env.example,1090,e610605b59a7a273fce7ecfe243fce72bb48f1658fc9911dc2a96bd15aa8b0d2
Dockerfile,508,adf058f9f42e2862a87224d15be0b7a2a383faecee99506558bdc015169a194b
Makefile,291,29a4603d3ed74a6b69267cb40ab307902d02e868a1e7e02a9ddf929d28180e3b
README.md,1979,aa6ef383153b064a930aa3511e1ab4bed7fcb1aee4ea3b0471a3812ac3f2ab89
compose.yaml,381,b404c8c806bff436cb0fe565fdab7d6b2d0d94da8a2bbb10bc0073d3acb1c029
config/collections_registry.json,738,97ece4714addad70084e5a58c2e6207137edb7c5c8f1187ad7a461fa4603b3e9
config/rule_packs.json,340,7ba2996074d62691507e3eb0d19c8722c87b0e1b28cd6d16bf1c9d4dd9b2fb99
data/.gitkeep,0,e3b0c44298fc1c149afbf4c8996fb92427ae41e4649b934ca495991b7852b855
deploy/profiles/dev.env,121,d72ec8189a9f334e78813ea918ff15abed50c2b295e4d3c32cce74363bf502e3
deploy/profiles/prod.env,123,4bc4c469fa71af403f2420063c566a2342a9cce3911e526e89c73ebe994ce49c
deploy/profiles/stage.env,126,f0c54163c7af1832a955e63a868c798a48361fc2b06d83a2596505e790b5d164
deploy/systemd/okx-nft-bot.env,460,6495ea87319aaed059ff03248690464e0609ad05392035986949cd9f4975c595
deploy/systemd/okx-nft-bot.service,504,319772e40b8f0b51a871b56a870954728f75064f03e0bd3c88220a18583f79a9
docs/ANALYTICS_V12.md,1397,d040c89e11d5089d55ca02a7b59f47b2638407228055aa70399569a2b336a354
docs/API_NOTES.md,507,df45c6924a1ec48e23b9b7ce2264aa4333f1311164c108f5e13c92491fb291d6
docs/ARCHITECTURE.md,668,b45a1e268cd066a964f8dbe2b9bc0f1f1d695ca46b630de65da1de96ffd9f582
docs/DEPLOYMENT.md,805,125de45457cc191da17bf9c2f3e380662acdd319f99c278a856e586c05185755
docs/DEPLOYMENT_V10.md,875,f03b3a78fdfd99e9e4909c074247c7804d8d979e94c19d55416aeb65e81ce10c
docs/NEXT_STEPS.md,432,9ff0fecddae9384780b58f55ac2883507de50cfa243e7251b1d2833564d71a00
docs/RECOVERY_POLICY.md,827,2a28647206d4ba54e315d164e92be2ff982af2729ee72e4918f1b760f77588e3
docs/SOURCES.md,482,c55200bd294e4776953475a30e3ae77b89c2e316179b3f22e0709cbdfc83a3b8
pyproject.toml,628,8a23d05afa5d697be3a65b5a855b6e305296ef9a7e42c7efed37ca517a5a7a2b
src/okx_nft_bot/__init__.py,49,b84518f0e1687409fd8b00a933f2436a40f07c81112488c0900669db69cc36b0
src/okx_nft_bot/alerts/filters.py,1161,0e6c83aa78d3761a4d708d503dac70ed405037ad53daa16d78bcbea8888a5c09
src/okx_nft_bot/analytics/__init__.py,116,91a3aa9c20af63ada5e65372850e5229fb339119bac64bf730324312a34ed3f3
src/okx_nft_bot/analytics/cross_market.py,9722,386fda8de829281ea45c28c7c81fbf0b70e74e45e30a571212ad9f27e79eb9e8
src/okx_nft_bot/analytics/reporting.py,3714,1fc66d3f3aa60ac9dafe251991a61c6d31bf4c809fff948416277300172f1cf4
src/okx_nft_bot/cli.py,20291,813958badb1f7e3973e077f2f76ea83ad92294b0e576ce69c5deb6959520dfc6
src/okx_nft_bot/clients/http.py,4406,02092dc331b34b93ba6cb169141021c49250306b0970db0242c18e1d46b1cc43
src/okx_nft_bot/clients/okx.py,4666,3b7ba7dc05248363cadfb26ea322c312cbda84c88dd6c49f9f4d421a2450db4c
src/okx_nft_bot/clients/opensea.py,1970,9c0921baf38827c20d73d59518f0d0d9cb65b090182c18160d1bdff1a22cc005
src/okx_nft_bot/config.py,6511,f27c260c74d057848c2d533b715782ce7339e5c4642f03389c8a3de1faedb86b
src/okx_nft_bot/deploy_ops.py,3598,d73cd7aabdbeeece69e3ae7690e4b7f1a18dad3cf169a43b7bbb57de2af8586b
src/okx_nft_bot/logging_utils.py,373,8f190b38bd2fd509c7df44a4bcf0dd68926e8fb02ff7e16979e574945863e0e3
src/okx_nft_bot/models.py,1207,8695d90a589fd891f4545b6d768b0106dfa8afce788a41887c383391675e5ebc
src/okx_nft_bot/notifiers/base.py,380,cadbae574cc9fdd31f42d1efb8d355ab52fac25e93b4bed0768939a3217a418d
src/okx_nft_bot/notifiers/factory.py,1251,8930e9b22abd7534f96b3087a12dada0c93702dc0918639bb5cd67ebb70dcded
src/okx_nft_bot/notifiers/fanout.py,829,cbf7ea6e6587aa5baab9298bb3bbc2c2eb214f1021c6bcb3ecb46bf79f993ea6
src/okx_nft_bot/notifiers/formatters.py,1056,bd235e5e457409a1faa5e0d543ceaeefc5f02c9f658f7b66d7445d86e1dd1713
src/okx_nft_bot/notifiers/null.py,378,e1aa9122e2edffebdb4a86e4731d20654a516ad9822f4b071aa6bc6d2bf39040
src/okx_nft_bot/notifiers/telegram.py,1149,1cca25c3814dee97d6b1f578fd60cc3531f50cbb187ce2f750468da41c9e948e
src/okx_nft_bot/notifiers/webhook.py,887,22157042e3661ca98fcb36be1b8a4d0508a864ee0dc10d0ff8f180db084cb2fe
src/okx_nft_bot/ops.py,4254,ccce6a120b5ac670d1ea545a1934bcbf67335fb20f73ce87804f99346db1e11e
src/okx_nft_bot/pipeline/live_cycle.py,5882,e913b77b356d4080258e071cdfab6dc20f33205af11a66bb90cf828aacd06453
src/okx_nft_bot/pipeline/normalize.py,1672,4fd263b61fe31d540eba5a655aa4399d8ad85fae7b9293914d6756651ba952f5
src/okx_nft_bot/pipeline/run_once.py,907,6cfeb16a388a0d631011a9623362e3b7eee45f34fcd1eac98c64f3688d1f9c8d
src/okx_nft_bot/providers/base.py,246,4e45ba8a63d195f6a6c7c2477a1c36f4d852f3643f2139d2e2d7c556390154fd
src/okx_nft_bot/providers/okx_marketplace.py,7424,e3411ad0368dfde16c3de283b959d88311e0196cc232e7adbea727117b6f69a2
src/okx_nft_bot/providers/okx_stub.py,1781,6a660c65aae8a62b3510a1b97539dd8caf4606173abe84e20d99049687bc209c
src/okx_nft_bot/providers/opensea_marketplace.py,11062,eb25febed8bb490d119f5d18286596c0f04fa26961d0f2caeab241d3cd8f3f6a
src/okx_nft_bot/registry.py,2760,86b80138463f133ed07a060c5a3b1429417abe09bb2a870b3ac283e84811e9bf
src/okx_nft_bot/rules/rule_packs.py,2414,c5fb238fd051dd9da60ec30d8995068f19ea69136d60f89912a9dd8c8bb03166
src/okx_nft_bot/scheduler.py,5731,e42bb92b1c20a82546d5a4b0b6c9f38e79f7f936bc10fbc4eadc12a3ddb49a68
src/okx_nft_bot/storage/sqlite.py,10192,05f83c3d5b3e8ffb8d615c2d406cad0f336d6d7b7c39b59c6205c3b9e7591ade
src/okx_nft_bot/telegram_bot.py,14084,b29270aa5e28276e47b491070d7abb84c5cecf8711c4d63c4e94269a8ce35264
tests/test_analytics_reporting.py,2474,43421ceaf1dbf5cdd396cf5dfbb26a1076466c400c6dcd0200b7825e33a91e88
tests/test_cross_market_analytics.py,2265,6b01ba5ff62d3c91cbda15ea629aa48d68043c0df4433afe71d1dc88d44b363e
tests/test_deploy_ops.py,1732,71197ccadc25c3bd555b96311151d58918063bb70bc63c744b1536c7dff44a3d
tests/test_filters.py,2393,ddccc8ee8f34792b6bf7d7557c4b07c151de70106097c73f88947318ab18bf8a
tests/test_market_summary.py,1013,e6699b969e15249f23043a54f5e8ae0c515a61539a4fc7ed421281197097dded
tests/test_normalize.py,1052,8df5c96f908eca1ca2292ca430cf88a923da3a6d6b62d74c83a69127f5ff32aa
tests/test_okx_provider.py,3516,ce50a44cd2ae262f209a075084d32c6139fc011f554104046be1f7f29bff481e
tests/test_opensea_provider.py,3305,3e7eab277b5eca00d3575920739d72ff8c7334f3f1467ea3759a2e153f8d1e18
tests/test_ops.py,1884,1a3ed714ab5451a9e6073020412ae20d7e9e57ef8a6f74d0e6514f151edc553e
tests/test_registry.py,608,1d8c1c7ce4cd9e83613e0d6f335b9be969ca3922ac925a7b1bb2953f4f2d4cfe
tests/test_scheduler.py,1813,28403643629b00525b3429a1d29a8887fbfe1775de155ced64f00f507d3e50e8
tests/test_signing.py,741,2d7432b718575c56f4c0f3f9a5c4f3a8005312b26ac0546c16b7a4694b6c8a59
tests/test_state_and_delivery.py,986,5451d994342251f83761480ac19e4ed268933e18f57e02d65a92e7d11ab8f3f3
tests/test_telegram_analytics_commands.py,3646,4b0c396f648876a52e5880190f4d4d7d23d8bb6189b9a9a39552704517116672
tests/test_telegram_commands.py,2498,e235e30d04c3f74811a213a5f1be5d2b4d4d0d9efa43cdcde18afd03a53d2421
tests/test_telegram_deploy_commands.py,2632,7b7cc6493512f1ab052146fec1e3f164752ad78bcb274e0ce75739deb8736da9
tests/test_telegram_notifier.py,1328,71deea2315ca828efe0197fd253e8dd3b6de6f9a9bcca92d2dab0ac19753c8d6
